count,from_action,to_action
57280,assignCodPicking,assignCodPicking
9772,confirmTmpPickedPackageStatus,PickupBill
7528,confirmTmpPickedPackageStatus,updateDelayPickingByCod
7048,updateDelayPickingByCod,PickupBill
6584,updateDelayPickingByCod,confirmTmpPickedPackageStatus
6461,PickupBill,confirmTmpPickedPackageStatus
5824,verifySessionPackage,verifySessionPackage
5749,cfmTransit,TransferToBothBill
5271,assignCodPicking,confirmTmpPickedPackageStatus
4446,PickupBill,PickupCrossProvinceBill
4421,PickupBill,updateDelayPickingByCod
4407,putPackages2Bag,assignBagWithIdentifyBag
3476,confirmTmpPickedPackageStatus,updatePickedByCod
3078,updatePickedByCod,PickupBill
2923,updatePickedByCod,confirmTmpPickedPackageStatus
2774,assignCodPicking,updateDelayPickingByCod
2685,PickupBill,assignCodPicking
2665,changeCodForPackagesInCart,changePackageStatus
2532,distributorCfmReturning,importStationByDistributer
2461,changePackageStatus,assignCodPicking
2334,assignCodPicking,PickupBill
2305,confirmTmpReturnedPackageStatus,updateReturnedByCod
2259,updateReturnedByCod,ReturnBill
2233,importStationByDistributer,distributorCfmReturning
2118,updateReturnedByCod,confirmTmpReturnedPackageStatus
2092,confirmTmpReturnedPackageStatus,ReturnBill
2042,PickupBill,changePackageStatus
1863,assignCodPicking,updatePickedByCod
1767,assignCodPicking,cfmTransit
1737,assignCodPicking,changeCodForPackagesInCart
1710,changePackageStatus,changeCodForPackagesInCart
1638,assignCodPicking,putPackages2Bag
1608,PickupCrossProvinceBill,cfmTransit
1582,changePackageStatus,confirmTmpPickedPackageStatus
1517,changeCodForPackagesInCart,assignCodPicking
1413,updatePickedByCod,PickupCrossProvinceBill
1353,assignCodPicking,verifySessionPackage
1332,PickupBill,updatePickedByCod
1308,PickupCrossProvinceBill,PickupBill
1219,confirmTmpPickedPackageStatus,PickupCrossProvinceBill
1115,PickupBill,changeCodForPackagesInCart
1033,changePackageStatus,updateDelayPickingByCod
1024,PickupCrossProvinceBill,confirmTmpPickedPackageStatus
988,updateDelayPickingByCod,assignCodPicking
951,putPackages2Bag,putInBox
940,PickupCrossProvinceBill,updatePickedByCod
933,assignBagWithIdentifyBag,confirmTmpPickedPackageStatus
926,confirmTmpPickedPackageStatus,assignCodPicking
844,ReturnBill,confirmTmpReturnedPackageStatus
838,assignBagWithIdentifyBag,PickupBill
825,assignBagWithIdentifyBag,updatePickedByCod
811,putPackages2Bag,smartScaleScanningPackage
798,changePackageStatus,PickupBill
777,ReturnBill,updateReturnedByCod
769,assignBagWithIdentifyBag,PickupCrossProvinceBill
715,changeCodForPackagesInCart,confirmTmpPickedPackageStatus
688,assignCodPicking,distributorCfmReturning
665,changeCodForPackagesInCart,updateDelayPickingByCod
661,confirmTmpPickedPackageStatus,changeCodForPackagesInCart
633,updateDelayPickingByCod,changeCodForPackagesInCart
625,assignCodPicking,changePackageStatus
619,smartScaleScanningPackage,putInBox
580,updateDelayPickingByCod,changePackageStatus
579,verifySessionBags,TakeAPhotoReturnRequest
547,changeCodForPackagesInCart,PickupBill
533,distributorCfmReturning,confirmTmpReturnedPackageStatus
530,importStationByDistributer,confirmTmpReturnedPackageStatus
523,verifySessionPackage,smartScaleScanningPackage
511,assignCodPicking,importStationByDistributer
509,importStationByDistributer,updateReturnedByCod
502,confirmTmpPickedPackageStatus,changePackageStatus
488,changeCodForPackagesInCart,changeCodForPackagesInCart
465,distributorCfmReturning,updateReturnedByCod
450,privateNotePackage,distributorCfmDeliver
446,verifySessionBags,distributorCfmDeliver
428,TakeAPhotoReturnRequest,importStationByDistributer
423,TakeAPhotoReturnRequest,distributorCfmReturning
397,assignBagWithIdentifyBag,cfmTransit
385,smartScaleScanningPackage,distributorCfmReturning
379,PickupCrossProvinceBill,putPackages2Bag
378,distributorCfmDeliver,privateNotePackage
371,ArrivePickingPoint,ArrivePickingPoint
371,changePackageStatus,ArrivePickingPoint
369,distributorCfmDeliver,distributorCfmDeliver
363,smartScaleScanningPackage,putPackages2Bag
360,updateDelayPickingByCod,updateDelayPickingByCod
357,PickupBill,PickupBill
346,confirmExportBox,TransferToBothBill
346,scanBox,confirmExportBox
337,assignCodPicking,ArrivePickingPoint
331,assignCodPicking,smartScaleScanningPackage
331,confirmTmpDeliveredPackageStatus,RefundBill
323,confirmTmpPickedPackageStatus,confirmTmpPickedPackageStatus
320,privateNotePackage,privateNotePackage
319,ArrivePickingPoint,changeCodForPackagesInCart
316,smartScaleScanningPackage,importStationByDistributer
309,PickupBill,cfmTransit
273,verifySessionBags,privateNotePackage
259,takeReturningPackages,distributorCfmReturning
232,distributorCfmReturning,takeReturningPackages
231,confirmTmpDeliveredPackageStatus,updateDelayDeliveringByCod
230,RefundBill,confirmTmpDeliveredPackageStatus
226,updateDelayDeliveringByCod,RefundBill
218,putInBox,verifySessionPackage
207,putInBox,scanBox
203,updateDelayDeliveringByCod,confirmTmpDeliveredPackageStatus
201,assignCodPicking,PickupCrossProvinceBill
201,TransferToBothBill,distributorCfmReturning
199,assignCodPicking,updateReturnedByCod
193,assignCodPicking,confirmTmpReturnedPackageStatus
189,TransferToBothBill,importStationByDistributer
169,verifySessionPackage,distributorCfmDeliver
167,changePackageStatus,cfmTransit
164,editPackage,updateDeliverCod
157,PickupCrossProvinceBill,distributorCfmReturning
150,confirmTmpPickedPackageStatus,cfmTransit
147,PickupBill,verifySessionBags
143,updateDeliverCod,editPackage
136,cfmImpPkgFrPONew,smartScaleScanningPackage
133,privateNotePackage,putPackages2Bag
131,RefundBill,updateDelayDeliveringByCod
129,updateDeliverWorkshiftByCod,distributorCfmDeliver
127,printfPackage,printfPackage
122,privateNotePackage,cfmTransit
120,ArrivePickingPoint,delayPickPackageReason
120,PickupCrossProvinceBill,importStationByDistributer
113,delayPickPackageReason,updateTmpPickingStatus
112,printfPackage,cfmImpPkgFrPONew
112,updateTmpPickingStatus,delayPickPackageReason
111,TransferToBothBill,cfmTransit
111,ArrivePickingPoint,updateTmpPickingStatus
108,verifySessionPackage,privateNotePackage
108,delayPickPackageReason,autoReassignDateDeliver
106,verifySessionPackage,ScanPackageToBag
106,autoReassignDateDeliver,updateTmpPickingStatus
103,distributorCfmDeliver,editPackage
101,distributorCfmReturning,ReturnBill
101,updatePickedByCod,cfmTransit
99,changePackageStatus,verifySessionBags
98,RefundBill,distributorCfmDeliver
98,ArrivePickingPoint,autoReassignDateDeliver
96,assignCodPicking,ReturnBill
95,distributorCfmDeliver,updateDeliverCod
95,autoReassignDateDeliver,delayPickPackageReason
90,smartScaleScanningPackage,smartScaleScanningPackage
89,TransferToBothBill,verifySessionBags
88,TakeAPhotoReturnRequest,TakeAPhotoReturnRequest
87,updateTmpPickingStatus,autoReassignDateDeliver
86,TransferToBothBill,confirmTmpReturnedPackageStatus
84,assignCodPicking,takeReturningPackages
83,verifySessionPackage,putPackages2Bag
83,assignCodPicking,ScanPackageToBag
82,PickupBill,updateReturnedByCod
81,distributorCfmDeliver,confirmTmpDeliveredPackageStatus
80,ImportPkgCheckIn,updateDelayDeliveringByCod
80,verifySessionPackage,updateReturnedByCod
77,verifySessionPackage,confirmTmpReturnedPackageStatus
77,assignCodPicking,cfmImpPkgFrPONew
75,NVBCTakeAPhotoDelivery,distributorCfmDeliver
75,smartScaleScanningPackage,assignBagWithIdentifyBag
74,PickupBill,confirmTmpReturnedPackageStatus
71,assignCodPicking,printfPackage
71,ImportPkgCheckIn,confirmTmpDeliveredPackageStatus
70,PickupBill,distributorCfmReturning
69,TransferToBothBill,updateReturnedByCod
68,verifySessionPackage,saveIsfrageImages
68,verifySessionPackage,ReturnBill
68,updateDelayPickingByCod,verifySessionBags
67,RefundBill,verifySessionPackage
63,ArriveDeliveringPoint,updateTmpDeliveringStatus
62,importStationByDistributer,ReturnBill
61,confirmTmpPickedPackageStatus,verifySessionBags
61,confirmTmpDelayReturningPackageStatus,ReturnBill
60,delayReturnPackageReason,updateTmpReturningStatus
59,ArrivePickingPoint,assignCodPicking
58,updateDelayReturningByCod,ReturnBill
58,updateTmpDeliveringStatus,confirmTmpDeliveredPackageStatus
58,confirmTmpDelayReturningPackageStatus,updateDelayReturningByCod
56,changeComingReturnCod,changeComingReturnCodAction
56,smartScaleScanningPackage,cfmTransit
54,changePackageStatus,changePackageStatus
51,putInBox,PickupCrossProvinceBill
51,verifySessionPackage,changeComingReturnCod
51,PickupBill,importStationByDistributer
51,changeComingReturnCodAction,smartScaleScanningPackage
50,confirmTmpPickedPackageStatus,distributorCfmReturning
49,updatePickedByCod,distributorCfmReturning
49,distributorCfmDeliver,RefundBill
49,RefundBill,privateNotePackage
49,changeComingReturnCodAction,changeComingReturnCod
49,updateDelayDeliveringByCod,verifySessionPackage
48,putInBox,updatePickedByCod
47,ImportPkgCheckIn,ImportPkgCheckIn
47,confirmTmpPickedPackageStatus,updateReturnedByCod
46,PickupCrossProvinceBill,confirmTmpReturnedPackageStatus
45,confirmTmpDeliveredPackageStatus,updateNotDeliveredByCod
45,verifySessionPackage,changeComingReturnCodAction
44,distributorCfmDeliver,updateDelayDeliveringByCod
44,updateDelayReturningByCod,confirmTmpDelayReturningPackageStatus
44,updateTmpPickingStatus,updateDelayPickingByCod
44,privateNotePackage,updateDeliverWorkshiftByCod
44,updateTmpReturningStatus,delayReturnPackageReason
43,assignBagWithIdentifyBag,importStationByDistributer
43,TransferToBothBill,ReturnBill
43,updateNotDeliveredByCod,RefundBill
43,ImportPkgCheckIn,RefundBill
42,changeComingReturnCod,smartScaleScanningPackage
42,updatePickedByCod,importStationByDistributer
42,ScanPackageToBag,verifySessionPackage
42,PickupBill,TakeAPhotoReturnRequest
41,saveIsfrageImages,verifySessionPackage
41,confirmTmpDeliveredPackageStatus,verifySessionPackage
41,updateTmpPickingStatus,PickupBill
41,putInBox,confirmTmpPickedPackageStatus
41,putInBox,PickupBill
40,takeReturningPackages,confirmTmpReturnedPackageStatus
40,delayPickPackageReason,confirmTmpPickedPackageStatus
40,privateNotePackage,updateDeliverWorkShiftPackage
40,DteamTakeAPhotoDeliver,ArriveDeliveringPoint
39,putInBox,confirmTmpReturnedPackageStatus
39,confirmTmpPickedPackageStatus,confirmTmpReturnedPackageStatus
38,putInBox,ReturnBill
37,updateTmpPickingStatus,confirmTmpPickedPackageStatus
37,verifySessionPackage,printfPackage
37,autoReassignDateDeliver,confirmTmpPickedPackageStatus
36,updateDelayPickingByCod,confirmTmpReturnedPackageStatus
36,assignCodPicking,verifySessionBags
36,PickupCrossProvinceBill,updateReturnedByCod
36,putInBox,updateReturnedByCod
36,assignBagWithIdentifyBag,distributorCfmReturning
36,ArriveDeliveringPoint,ArriveDeliveringPoint
36,verifySessionPackage,distributorCfmReturning
35,updateNotDeliveredByCod,confirmTmpDeliveredPackageStatus
35,updateDelayDeliveringByCod,distributorCfmDeliver
35,delayPickPackageReason,PickupBill
34,updateTmpReturningStatus,updateTmpReturningStatus
33,saveIsfrageImages,smartScaleScanningPackage
33,changePackageStatus,confirmTmpReturnedPackageStatus
33,autoReassignDateDeliver,updateDelayPickingByCod
32,privateNotePackage,editPackage
32,updateDeliverWorkshiftByCod,updateDeliverWorkshiftByCod
32,distributorCfmDeliver,cfmTransit
32,smartScaleScanningPackage,verifySessionPackage
31,updateReinforcedPackages,printfPackage
30,assignCodPicking,TransferToBothBill
30,ReturnBill,importStationByDistributer
30,PickupBill,verifySessionPackage
29,feedbackCancelPackage,changePackageStatus
29,updateDelayPickingByCod,updateReturnedByCod
29,updatePickedByCod,verifySessionPackage
29,updateTmpReturningStatus,ReturnBill
29,confirmTmpDeliveredPackageStatus,privateNotePackage
28,confirmTmpDeliveredPackageStatus,distributorCfmDeliver
28,saveSealForSpecialPackage,cfmImpPkgFrPONew
28,takeReturningPackages,updateReturnedByCod
28,updatePickWorkShiftPackage,assignCodPicking
27,smartScaleScanningPackage,PickupBill
27,RefundBill,ScanPackageToBag
27,changePackageStatus,updateReturnedByCod
27,confirmTmpPickedPackageStatus,importStationByDistributer
27,distributorCfmDeliver,putPackages2Bag
27,putPackages2Bag,takeOutPackages2Bag
27,printfPackage,smartScaleScanningPackage
26,PickupCrossProvinceBill,TransferToBothBill
26,importStationByDistributer,smartScaleScanningPackage
26,changeAttributeForSurplus,privateNotePackage
26,assignCodPicking,scanBox
26,saveSealForSpecialPackage,saveIsfrageImages
26,saveIsfrageImages,putPackages2Bag
26,ReturnBill,updateDelayReturningByCod
26,smartScaleScanningPackage,saveIsfrageImages
25,updateDeliverWorkShiftPackage,privateNotePackage
25,confirmImportPackageApart,verifySessionPackage
25,verifySessionBags,changeCurStationBagSurplus
25,RefundBill,updateNotDeliveredByCod
25,ReturnBill,distributorCfmReturning
25,PkBusCheckinPackage,smartScaleScanningPackage
25,cfmImpPkgFrPONew,verifySessionPackage
25,smartScaleScanningPackage,confirmTmpPickedPackageStatus
25,delayPickPackageReason,updateDelayPickingByCod
24,changePackageStatus,feedbackCancelPackage
24,verifySessionBags,updateReturnedByCod
24,confirmTmpPickedPackageStatus,verifySessionPackage
24,takeReturningPackages,ReturnBill
24,PickupCrossProvinceBill,verifySessionPackage
24,ScanPackageToBag,ImportPkgCheckIn
24,changePackageStatus,smartScaleScanningPackage
23,verifySessionPackage,TakeAPhotoReturnRequest
23,smartScaleScanningPackage,updatePickedByCod
23,updateTmpReturningStatus,confirmTmpReturnedPackageStatus
23,putPackages2Bag,putPackages2TmpBag
23,privateNotePackage,NVBCTakeAPhotoDelivery
23,PickupBill,ReturnBill
23,printfPackage,saveIsfrageImages
23,updateDeliverCod,privateNotePackage
22,BlurredBarcode,DteamTakeAPhotoDeliver
22,printfPackage,verifySessionPackage
22,ReturnBill,confirmTmpDelayReturningPackageStatus
22,TransferToBothBill,verifySessionPackage
22,assignCodPicking,feedbackCancelPackage
22,PickupBill,smartScaleScanningPackage
21,distributorCfmDeliver,updateDeliverWorkshiftByCod
21,takeOutPackages2Bag,putPackages2Bag
21,saveIsfrageImages,distributorCfmDeliver
21,PickupBill,feedbackCancelPackage
21,TransferToBothBill,TakeAPhotoReturnRequest
21,updateDeliverCod,distributorCfmDeliver
21,importStationByDistributer,confirmTmpDelayReturningPackageStatus
21,saveIsfrageImages,TakeAPhotoReturnRequest
21,distributorCfmDeliver,updateNotDeliveredByCod
20,updatePickedByCod,confirmTmpReturnedPackageStatus
20,TakeAPhotoPicked,saveSealForSpecialPackage
20,PickupBill,TransferToBothBill
20,distributorCfmReturning,smartScaleScanningPackage
20,importStationByDistributer,updateTmpReturningStatus
20,changeCurStationBagSurplus,verifySessionBags
20,editPackage,privateNotePackage
20,editPackage,distributorCfmDeliver
20,assignCodPicking,privateNotePackage
20,autoReassignDateDeliver,PickupBill
20,verifySessionBags,saveIsfrageImages
20,verifySessionBags,smartScaleScanningPackage
20,changeTrfSorting,editPackage
19,changeCodForPackagesInCart,verifySessionBags
19,putPackages2TmpBag,putPackages2Bag
18,PickupBill,putPackages2Bag
18,verifySessionPackage,takeReturningPackages
18,assignCodPicking,updatePickWorkShiftPackage
18,updatePickedByCod,putPackages2Bag
18,smartScaleScanningPackage,confirmTmpReturnedPackageStatus
17,feedbackCancelPackage,PickupBill
16,scanPackageCreateBagB2C,smartScaleScanningPackage
16,approvedPackage,changePackageStatus
16,confirmIssueHandovers,feedbackReDelivery
16,smartScaleScanningPackage,ScanPackageToBag
16,feedbackReDelivery,confirmIssueHandovers
16,privateNotePackage,printfPackage
16,editPackage,changeTrfSorting
16,privateNotePackage,feedbackReDelivery
15,ReturnBill,smartScaleScanningPackage
15,distributorCfmReturning,updateTmpReturningStatus
15,smartScaleScanningPackage,ReturnBill
15,distributorCfmReturning,confirmTmpDelayReturningPackageStatus
15,PickupCrossProvinceBill,printfPackage
15,ArriveDeliveringPoint,delayDeliverPackageReason
15,delayDeliverPackageReason,updateTmpDeliveringStatus
15,verifySessionBags,confirmTmpReturnedPackageStatus
15,changePackageStatus,TakeAPhotoReturnRequest
15,RefundBill,updateDeliverWorkshiftByCod
15,smartScaleScanningPackage,putPackages2TmpBag
15,cfmImpPkgFrPONew,cfmTransit
15,printfPackage,privateNotePackage
15,changePickCod,changePickCodAction
15,putPackages2Bag,putPackages2Bag
14,changeCurStationBagSurplus,TakeAPhotoReturnRequest
14,verifySessionBags,ReturnBill
14,changePickCodAction,changePickCod
14,verifySessionPackage,updateTmpReturningStatus
14,updateTmpDeliveringStatus,delayDeliverPackageReason
14,distributorCfmDeliver,printfPackage
14,updateDelayDeliveringByCod,privateNotePackage
14,DteamTakeAPhotoDeliver,TakeAPhotoDeliveryPhotos
14,TakeAPhotoDeliveryPhotos,ArriveDeliveringPoint
14,privateNotePackage,TransferToBothBill
13,saveIsfrageImages,distributorCfmReturning
13,assignCodPicking,distributorCfmDeliver
13,updateNotDeliveredByCod,privateNotePackage
13,updateDelayPickingByCod,ReturnBill
13,confirmTmpPickedPackageStatus,ReturnBill
13,cfmImpPkgFrPONew,putPackages2Bag
13,privateNotePackage,changeAttributeForSurplus
13,privateNotePackage,updateDeliverCod
13,feedbackReDelivery,distributorCfmDeliver
13,updateTmpDeliveringStatus,RefundBill
13,smartScaleScanningPackage,updateReturnedByCod
13,changePickCod,assignCodPicking
13,updateDelayPickingByCod,TakeAPhotoReturnRequest
13,verifySessionPackage,updateDeliverWorkshiftByCod
12,PickupCrossProvinceBill,takeReturningPackages
12,assignCodPicking,ImportPkgCheckIn
12,reassignDeliverCart,updateDeliverWorkShiftPackage
12,TakeAPhotoDeliveryPhotos,DteamTakeAPhotoDeliver
12,verifySessionPackage,editPackage
12,smartScaleScanningPackage,delayReturnPackageReason
12,changePickCodAction,assignCodPicking
12,feedbackReDelivery,feedbackReDelivery
12,changeCodForPackagesInCart,confirmTmpReturnedPackageStatus
12,verifySessionBags,updateDeliverWorkShiftPackage
11,ReturnBill,verifySessionPackage
11,confirmTmpPickedPackageStatus,putPackages2Bag
11,privateNotePackage,importStationByDistributer
11,distributorCfmDeliver,ArriveDeliveringPoint
11,changeTransferStationByChangeCart,changeCart
11,smartScaleScanningPackage,changeTrfSorting
11,updateNotPickedByCod,PickupBill
11,PickupBill,ScanPackageToBag
11,verifySessionBags,NVBCTakeAPhotoDelivery
11,PickupBill,updateNotPickedByCod
11,delayDeliverPackageReason,confirmTmpDeliveredPackageStatus
11,changeCodForPackagesInCart,ArrivePickingPoint
11,Prepayment_qrBill,cfmDonePrepaymnet
11,confirmTmpPickedPackageStatus,updateNotPickedByCod
10,saveIsfrageImages,importStationByDistributer
10,updateTmpReturningStatus,confirmTmpDelayReturningPackageStatus
10,confirmTmpPickedPackageStatus,smartScaleScanningPackage
10,checkPackageSealScanned,saveIsfrageImages
10,TransferToBothBill,confirmExportBox
10,confirmTmpPickedPackageStatus,TakeAPhotoReturnRequest
10,changeAlias,changeTransferStationByChangeCart
10,putPackages2Bag,distributorCfmReturning
10,updatePickedByCod,updateReturnedByCod
10,smartScaleScanningPackage,saveSealForSpecialPackage
10,verifySessionPackage,changeTrfSorting
10,scanBox,TransferToBothBill
10,verifySessionPackage,updateDelayDeliveringByCod
10,updateDeliverWorkshiftByCod,privateNotePackage
10,changeAlias,changeCart
10,confirmTmpPickedPackageStatus,ScanPackageToBag
10,distributorCfmDeliver,putInBox
10,cfmDonePrepaymnet,Prepayment_qrBill
10,assignCodPicking,TakeAPhotoReturnRequest
9,changePackageStatus,RefundBill
9,updateDeliverCod,updateDelayDeliveringByCod
9,updateDeliverCod,confirmTmpDeliveredPackageStatus
9,assignCodPicking,changePickCod
9,privateNotePackage,distributorCfmReturning
9,smartScaleScanningPackage,updateTmpReturningStatus
9,putPackages2Bag,importStationByDistributer
9,verifySessionPackage,importStationByDistributer
9,changeTransferStationByChangeCart,changeAlias
9,privateNotePackage,verifySessionPackage
9,cfmTransit,putPackageIntoRc
9,cfmImpPkgFrPONew,PkBusCheckinPackage
9,TransferToBothBill,smartScaleScanningPackage
9,DteamTakeAPhotoDeliver,updateTmpDeliveringStatus
9,updateNotPickedByCod,confirmTmpPickedPackageStatus
9,putPackages2TmpBag,smartScaleScanningPackage
9,privateNotePackage,confirmTmpDeliveredPackageStatus
9,changeAttributeForSurplus,distributorCfmDeliver
9,distributorCfmReturning,updateDelayReturningByCod
9,putInBox,distributorCfmDeliver
9,NVBCConfirmImageWorkshift,updateDelayDeliveringByCod
9,changePackageStatus,approvedPackage
9,updateDelayPickingByCod,updatePickedByCod
9,cfmDonePrepaymnet,PrepaymentBill
9,updateDelayDeliveringByCod,ScanPackageToBag
8,editPackage,changeCurStation
8,smartScaleScanningPackage,scanBox
8,importStationByDistributer,updateDelayReturningByCod
8,changeDelieverCartId,changeCustomerFirstAddress
8,updateDeliverWorkShiftPackage,reassignDeliverCart
8,updatePickedByCod,ScanPackageToBag
8,changeCart,changeTransferStationByChangeCart
8,verifySessionPackage,delayReturnPackageReason
8,putPackages2TmpBag,changeTrfSorting
8,ScanPackageToBag,NVBC_CONFIRM_XTEAM_REPORT_CUSTOMER
8,ScanPackageToBag,ReturnBill
8,changeCurStationBagSurplus,distributorCfmDeliver
8,NVBCConfirmImageWorkshift,confirmTmpDeliveredPackageStatus
8,verifySessionPackage,confirmTmpDeliveredPackageStatus
8,PrepaymentBill,cfmDonePrepaymnet
8,ScanPackageToBag,confirmTmpReturnedPackageStatus
8,delayReturnPackageReason,confirmTmpDelayReturningPackageStatus
8,printfPackage,confirmPackageHandover
8,smartScaleScanningPackage,TakeAPhotoReturnRequest
8,putPackageIntoRc,TransferToBothBill
8,changeCart,approvedPackage
8,putPackages2Bag,changeTrfSorting
8,printfPackage,putPackages2Bag
7,assignCodPicking,putInBox
7,assignBagWithIdentifyBag,assignBagWithIdentifyBag
7,privateNotePackage,scanBox
7,printfPackage,PickupBill
7,PickupCrossProvinceBill,ReturnBill
7,checkPackageBBS,privateNotePackage
7,printfPackage,distributorCfmDeliver
7,changeTransferStation,changeDelieverCartId
7,changeCart,changeAlias
7,RefundBill,changePackageStatus
7,distributorCfmReturning,verifySessionPackage
7,smartScaleScanningPackage,takeOutPackages2Bag
7,printfPackage,cfmTransit
7,updateDelayPickingByCod,cfmTransit
7,changeCodForPackagesInCart,updateReturnedByCod
7,PickupBill,printfPackage
7,putInBox,smartScaleScanningPackage
7,changeCustomerFirstAddress,changeTransferStation
6,updatePickAddressCart,updatePickAddressCart
6,editPackage,changeCustomerLastAddress
6,editPackage,verifySessionPackage
6,changeCart,changePackageStatus
6,printfPackage,PickupCrossProvinceBill
6,assignCodPicking,PkBusReportMissingPackage
6,editPackage,editPackage
6,PickupCrossProvinceBill,scanBox
6,importStationByDistributer,verifySessionPackage
6,confirmTmpPickedPackageStatus,TransferToBothBill
6,updateDelayReturningByCod,verifySessionPackage
6,changePackageStatus,ReturnBill
6,assignCodPicking,confirmTmpDelayReturningPackageStatus
6,changeTrfSorting,putPackages2TmpBag
6,changeCustomerFirstAddress,changeDelieverCartId
6,updateStationReturnCart,updateReturnCart
6,saveIsfrageImages,updateReturnedByCod
6,privateNotePackage,confirmPackageHandover
6,ScanPackageToBag,confirmTmpDeliveredPackageStatus
6,printfPackage,updateReinforcedPackages
6,PickupBill,saveIsfrageImages
6,privateNotePackage,confirmIssueHandovers
6,printfPackage,confirmTmpPickedPackageStatus
6,printfPackage,assignCodPicking
6,editPackage,printfPackage
6,distributorCfmReturning,delayReturnPackageReason
6,cfmDonePrepaymnet,cfmImpPkgFrPONew
5,privateNotePackage,smartScaleScanningPackage
5,verifySessionPackage,cfmTransit
5,changeAlias,editPackage
5,changeComingReturnCodAction,verifySessionPackage
5,smartScaleScanningPackage,PickupCrossProvinceBill
5,smartScaleScanningPackage,PkBusCheckinPackage
5,smartScaleScanningPackage,verifySessionBags
5,NVBCConfirmImageWorkshift,RefundBill
5,editPackage,smartScaleScanningPackage
5,printfPackage,distributorCfmReturning
5,distributorCfmDeliver,BlurredBarcode
5,assignCodPicking,scanPackageCreateBagB2C
5,cfmDonePrepaymnet,printfPackage
5,saveRealImportStation,PickupBill
5,changeTrfSorting,assignBagWithIdentifyBag
5,privateNotePackage,updateDelayDeliveringByCod
5,distributorCfmDeliver,NVBCConfirmImageWorkshift
5,confirmIssueHandovers,distributorCfmDeliver
5,changeComingReturnCod,verifySessionPackage
5,ScanPackageToBag,updateReturnedByCod
5,distributorCfmReturning,printfPackage
5,changeDelieverCartId,printfPackage
5,editPackage,RefundBill
5,changeTrfSorting,putPackages2Bag
5,ScanPackageToBag,RefundBill
5,confirmTmpDelayReturningPackageStatus,verifySessionPackage
5,updateDeliverCod,RefundBill
5,updateReturnCart,updateStationReturnCart
5,assignCodPicking,changePickCodAction
5,changeCustomerFirstAddress,editPackage
5,editPackage,changeTransferStation
5,editPackage,changeDelieverCartId
5,updateDeliverAddressCart,approvedPackage
5,privateNotePackage,changePackageStatus
5,TakeAPhotoDeliveringTiktokPackage,DteamTakeAPhotoDeliver
5,updateDeliverWorkShiftPackage,distributorCfmDeliver
4,PickupBill,distributorCfmDeliver
4,smartScaleScanningPackage,requestHandOverPackages
4,updateDelayPickingByCod,smartScaleScanningPackage
4,NVBCTakeAPhotoDelivery,updateDeliverWorkshiftByCod
4,smartScaleScanningPackage,TakeAPhotoPicked
4,changeCustomerLastAddress,changeTransferStation
4,requestHandOverPackages,distributorCfmDeliver
4,privateNotePackage,RefundBill
4,changeCurStation,editPackage
4,ArrivePickingPoint,PickupBill
4,updateDeliverCod,ArriveDeliveringPoint
4,privateNotePackage,saveIsfrageImages
4,editPackage,confirmTmpDeliveredPackageStatus
4,confirmBigSizeQuantity,cfmImpPkgFrPONew
4,distributorCfmDeliver,TransferToBothBill
4,DteamTakeAPhotoDeliver,DteamTakeAPhotoDeliver
4,changeTransferStation,changeCustomerFirstAddress
4,saveIsfrageImages,confirmTmpReturnedPackageStatus
4,confirmTmpPickedPackageStatus,printfPackage
4,PkBusReportMissingPackage,verifySessionPackage
4,TransferToBothBill,printfPackage
4,privateNotePackage,putInBox
4,updatePickWorkShiftPackage,updatePickWorkShiftPackage
4,updateReinforcedPackages,cfmImpPkgFrPONew
4,confirmTmpDeliveredPackageStatus,cfmTransit
4,cfmTransit,importStationByDistributer
4,NVBCTakeAPhotoDelivery,checkPackageSealScanned
4,importStationByDistributer,delayReturnPackageReason
4,assignCodPicking,editPackage
4,changeCustomerLastAddress,changeCustomerFirstAddress
4,shopSigningHandover,shopSigningHandover
4,ArrivePickingPoint,updatePickWorkShiftPackage
4,distributorCfmDeliver,TakeAPhotoDeliveryPhotos
4,changeAlias,approvedPackage
4,privateNotePackage,updateReturnedByCod
4,RefundBill,cfmTransit
4,printfPackage,confirmTmpReturnedPackageStatus
4,Prepayment_qrBill,cfmImpPkgFrPONew
4,cfmImpPkgFrPONew,printfPackage
4,distributorCfmDeliver,DteamTakeAPhotoDeliver
4,putInBox,NVBCTakeAPhotoDelivery
4,assignCodPicking,updateNotPickedByCod
4,editPackage,ArriveDeliveringPoint
4,confirmTmpPickedPackageStatus,scanBox
4,scanPackageCreateBagB2C,putPackages2Bag
4,confirmTmpDelayReturningPackageStatus,importStationByDistributer
4,confirmTmpDeliveredPackageStatus,ScanPackageToBag
4,changeTransferStationByChangeCart,approvedPackage
4,printfPackage,updatePickedByCod
4,distributorCfmDeliver,NVBCTakeAPhotoDelivery
4,changePackageStatus,changeAlias
4,verifySessionPackage,saveSealForSpecialPackage
4,delayReturnPackageReason,smartScaleScanningPackage
4,updateDeliverCod,BlurredBarcode
4,updateDelayPickingByCod,verifySessionPackage
4,editPackage,changeCustomerFirstAddress
4,assignCodPicking,updateDelayReturningByCod
4,changeTrfSorting,verifySessionPackage
4,assignBagWithIdentifyBag,confirmTmpReturnedPackageStatus
3,confirmPackageHandover,privateNotePackage
3,updateDelayPickingByCod,cfmImpPkgFrPONew
3,changePackageStatus,updateDeliverAddressCart
3,changeAlias,changePackageStatus
3,TransferToBothBill,privateNotePackage
3,delayPickPackageReason,assignCodPicking
3,verifySessionPackage,updateStationReturnCart
3,changePackageStatus,changeCart
3,verifySessionPackage,PkBusReportMissingPackage
3,updatePickAddressCart,changeCart
3,changeCustomerLastAddress,editPackage
3,changeTransferStation,editPackage
3,putPackages2TmpBag,PickupBill
3,changeDelieverCartId,changeCustomerLastAddress
3,updateDeliveredCompletelyByCod,RefundBill
3,confirmTmpDeliveredPackageStatus,updateDeliveredCompletelyByCod
3,assignBagWithIdentifyBag,printfPackage
3,updateDelayPickingByCod,PickupCrossProvinceBill
3,verifySessionPackage,updateReturnCart
3,assignCodPicking,PrepaymentBill
3,TransferToBothBill,changeCurStationBagSurplus
3,updateDeliverWorkShiftPackage,updateDeliverWorkshiftByCod
3,RefundBill,saveIsfrageImages
3,RefundBill,RefundBill
3,PickupCrossProvinceBill,privateNotePackage
3,confirmTmpDelayReturningPackageStatus,updateReturnedByCod
3,printfPackage,updateReturnedByCod
3,confirmTmpPickedPackageStatus,saveRealImportStation
3,approvedPackage,assignCodPicking
3,updatePickAddressCart,approvedPackage
3,updateDeliverAddressCart,updatePickAddressCart
3,changePackageStatus,printfPackage
3,cfmImportV4JobQ,TransferToBothAcceptBill
3,NVBC_CONFIRM_XTEAM_REPORT_CUSTOMER,verifySessionPackage
3,updateDelayDeliveringByCod,updateDelayDeliveringByCod
3,changeCodForPackagesInCart,TakeAPhotoReturnRequest
3,verifySessionPackage,updateNotDeliveredByCod
3,verifySessionBags,reassignDeliverCart
3,PickupCrossProvinceBill,distributorCfmDeliver
3,updatePickedByCod,printfPackage
3,scanBox,importDestinationBox
3,importDestinationBox,confirmImportBox
3,confirmTmpDeliveredPackageStatus,NVBCTakeAPhotoDelivery
3,NVBCTakeAPhotoDelivery,putInBox
3,assignCodPicking,confirmTmpDeliveredPackageStatus
3,updateDelayPickingByCod,TakeAPhotoPicked
3,distributorCfmReturning,distributorCfmReturning
3,importStationByDistributer,importStationByDistributer
3,privateNotePackage,ReturnBill
3,changeDelieverCartId,editPackage
3,saveSealForSpecialPackage,TakeAPhotoPicked
3,changeAttributeForSurplus,updateDeliverWorkshiftByCod
3,confirmTmpDeliveredPackageStatus,putPackages2Bag
3,verifySessionPackage,NVBCTakeAPhotoDelivery
3,verifySessionPackage,changePackageStatus
3,updatePickedByCod,smartScaleScanningPackage
3,changeTransferStationByChangeCart,updateDeliverAddressCart
3,changePackageStatus,distributorCfmDeliver
3,updatePickAddressCart,updateDeliverAddressCart
3,changePackageStatus,confirmPackageHandover
3,updateTmpPickingStatus,changeCodForPackagesInCart
3,RefundBill,ChangeDeliverCodByConfirmDeliveringByOperator
3,TransferToBothBill,saveIsfrageImages
3,assignCodPicking,cfmDonePrepaymnet
3,updatePickedByCod,ReturnBill
3,updateTmpPickingStatus,notPickedPackageReason
3,printfPackage,importStationByDistributer
3,verifySessionBags,printfPackage
3,TransferToBothBill,putPackageIntoRc
3,updateTmpReturningStatus,verifySessionPackage
3,TransferToBothBill,takeReturningPackages
3,PickupBill,takeReturningPackages
3,updateStationReturnCart,editPackage
3,distributorCfmDeliver,importStationByDistributer
3,editPackage,BlurredBarcode
3,distributorCfmDeliver,TakeAPhotoDeliveringTiktokPackage
3,assignCodPicking,putPackages2TmpBag
3,putPackageIntoRc,cfmTransit
3,verifySessionPackage,RefundBill
3,verifySessionBags,cfmTransit
3,smartScaleScanningPackage,privateNotePackage
3,putPackages2Bag,confirmTmpPickedPackageStatus
3,confirmTmpPickedPackageStatus,privateNotePackage
3,saveRealImportStation,PickupCrossProvinceBill
3,assignCodPicking,PkBusCheckinPackage
3,smartScaleScanningPackage,confirmTmpDelayReturningPackageStatus
3,TakeAPhotoPicked,updateTmpPickingStatus
3,changeTransferStation,printfPackage
3,ArrivePickingPoint,codConfirmWillPickup
3,changeTrfSorting,takeOutPackages2Bag
3,codConfirmWillPickup,shopSigningHandover
3,shopSigningHandover,saveSealForSpecialPackage
3,PickupBill,scanBox
3,cfmTransit,verifySessionBags
3,changeCustomerLastAddress,changeDelieverCartId
3,changeCart,printfPackage
2,ArrivePickingPoint,updateDelayPickingByCod
2,confirmTmpPickedPackageStatus,updatePickWorkShiftPackage
2,TransferToBothAcceptBill,distributorCfmDeliver
2,TakeAPhotoCheckBox,smartScaleScanningPackage
2,verifySessionPackage,TakeAPhotoCheckBox
2,updateDeliverCod,updateNotDeliveredByCod
2,takeOutPackages2Bag,privateNotePackage
2,changeTransferStation,changeCustomerLastAddress
2,ArrivePickingPoint,notPickedPackageReason
2,editPackage,TakeAPhotoDeliveryPhotos
2,updateDeliverAddressCart,changeCart
2,updateTmpPickingStatus,PickupCrossProvinceBill
2,privateNotePackage,updateTmpReturningStatus
2,changePackageStatus,verifySessionPackage
2,notPickedPackageReason,updateTmpPickingStatus
2,smartScaleScanningPackage,scanPackageCreateBagB2C
2,TransferToBothBill,updateTmpReturningStatus
2,updateDeliverAddressCart,cfmTransit
2,verifySessionPackage,confirmTmpDelayReturningPackageStatus
2,distributorCfmDeliver,checkPackageBBS
2,verifySessionBags,updateDeliverWorkshiftByCod
2,TransferToBothBill,distributorCfmDeliver
2,PickupBill,changePickedCod
2,updateDeliverWorkShiftPackage,updateDeliverCod
2,updateDelayDeliveringByCod,editPackage
2,confirmPackageHandover,confirmPackageHandover
2,distributorCfmDeliver,updateDeliverWorkShiftPackage
2,updateDeliverWorkShiftPackage,putPackages2Bag
2,saveIsfrageImages,privateNotePackage
2,updateDeliverWorkShiftPackage,printfPackage
2,updateDeliverWorkshiftByCod,saveIsfrageImages
2,confirmTmpDeliveredPackageStatus,ChangeDeliverCodByConfirmDeliveringByOperator
2,cfmTransit,distributorCfmReturning
2,cfmTransit,updateReturnedByCod
2,confirmPackageHandover,RefundBill
2,updatePickAddressCart,changeAlias
2,updateTmpPickingStatus,ArrivePickingPoint
2,PickupCrossProvinceBill,smartScaleScanningPackage
2,distributorCfmDeliver,checkPackageSealScanned
2,updateDelayReturningByCod,importStationByDistributer
2,updatePickedByCod,scanBox
2,printfPackage,changeCodForPackagesInCart
2,autoReassignDateDeliver,changeCodForPackagesInCart
2,delayPickPackageReason,ArrivePickingPoint
2,privateNotePackage,updateNotDeliveredByCod
2,approvedPackage,changeAlias
2,printfPackage,updateDeliverWorkShiftPackage
2,PkBusCheckinPackage,ScanPackageToBag
2,verifySessionPackage,updateDelayReturningByCod
2,confirmTmpDelayReturningPackageStatus,smartScaleScanningPackage
2,confirmBigSizeQuantity,printfPackage
2,updateDeliverWorkShiftPackage,editPackage
2,printfPackage,ImportPkgCheckIn
2,saveSealForSpecialPackage,shopSigningHandover
2,assignCodPicking,saveRealImportStation
2,confirmTmpPickedPackageStatus,TakeAPhotoPicked
2,smartScaleScanningPackage,TransferToBothBill
2,takeReturningPackages,printfPackage
2,updateReturnCart,changeTrfSorting
2,changePickedCod,confirmTmpPickedPackageStatus
2,privateNotePackage,confirmTmpReturnedPackageStatus
2,confirmTmpDeliveredPackageStatus,confirmTmpDeliveredPackageStatus
2,printfPackage,confirmTmpDeliveredPackageStatus
2,changePackageStatus,TransferToBothBill
2,updateDeliverAddressCart,changePackageStatus
2,updateDeliverCod,updateDeliverWorkshiftByCod
2,PickupBill,changeCurStationBagSurplus
2,editPackage,updateDelayDeliveringByCod
2,shopSigningHandover,TakeAPhotoPicked
2,changePackageStatus,updatePickAddressCart
2,PrepaymentBill,cfmImpPkgFrPONew
2,NVBC_CONFIRM_XTEAM_REPORT_CUSTOMER,putPackages2Bag
2,NVBCTakeAPhotoDelivery,editPackage
2,printfPackage,cfmDonePrepaymnet
2,updateDelayPickingByCod,printfPackage
2,PrepaymentBill,printfPackage
2,smartScaleScanningPackage,NVBCConfirmImageWorkshift
2,editPackage,changeAlias
2,changeDelieverCartId,changeTransferStation
2,RefundBill,updateReturnedByCod
2,verifySessionPackage,putPackages2TmpBag
2,notPickedPackageReason,updateNotPickedByCod
2,verifySessionPackage,ImportPkgCheckIn
2,updateTmpPickingStatus,assignCodPicking
2,saveIsfrageImages,ReturnBill
2,ChangeDeliverCodByConfirmDeliveringByOperator,updateDelayDeliveringByCod
2,confirmPackageHandover,cfmTransit
2,TakeAPhotoPicked,cfmImpPkgFrPONew
2,verifySessionBags,confirmTmpDeliveredPackageStatus
2,Refund_payment_qrBill,updateDelayDeliveringByCod
2,updateReturnCart,editPackage
2,confirmImportBox,updateDeliverWorkshiftByCod
2,updateDeliverCod,updateDeliverCod
2,RefundBill,editPackage
2,privateNotePackage,DteamTakeAPhotoDeliver
2,updateDelayPickingByCod,privateNotePackage
2,updateDeliverAddressCart,changeAlias
2,changeCodForPackagesInCart,cfmImpPkgFrPONew
2,updateDelayPickingByCod,saveSealForSpecialPackage
2,cfmTransit,confirmTmpReturnedPackageStatus
2,RefundBill,printfPackage
2,privateNotePackage,reassignDeliverCart
2,feedbackCancelPackage,RefundBill
2,RefundBill,smartScaleScanningPackage
2,updateDeliverWorkshiftByCod,RefundBill
2,privateNotePackage,changeCustomerFirstAddress
2,changeCustomerLastAddress,changeCart
2,PickupBill,cfmImpPkgFrPONew
2,changeComingReturnCod,saveIsfrageImages
2,delayDeliverPackageReason,RefundBill
2,ArriveDeliveringPoint,BlurredBarcode
2,takeReturningPackages,confirmTmpDelayReturningPackageStatus
2,updateDeliverCod,DteamTakeAPhotoDeliver
2,updateDeliveredCompletelyByCod,confirmTmpDeliveredPackageStatus
2,verifySessionPackage,TakeAPhotoDeliveryPhotos
2,confirmTmpDeliveredPackageStatus,printfPackage
2,updatePickedByCod,takeReturningPackages
2,takeOutPackages2Bag,smartScaleScanningPackage
2,assignCodPicking,putPackageIntoRc
2,approvedPackage,updateDeliverAddressCart
2,changeCustomerFirstAddress,changeCustomerLastAddress
2,NVBCTakeAPhotoDelivery,updateDeliverCod
2,saveIsfrageImages,saveIsfrageImages
2,printfPackage,scanBox
2,confirmTmpPickedPackageStatus,cfmImpPkgFrPONew
2,TakeAPhotoCheckBagDestStation,verifySessionBags
2,confirmTmpDelayReturningPackageStatus,confirmTmpReturnedPackageStatus
2,updateTmpReturningStatus,smartScaleScanningPackage
2,delayReturnPackageReason,confirmTmpReturnedPackageStatus
2,takeReturningPackages,updateDelayReturningByCod
2,printPackageBBS,printfPackage
2,updateDelayPickingByCod,feedbackCancelPackage
2,ChangeDeliverCodByConfirmDeliveringByOperator,RefundBill
2,ScanPackageToBag,updateDelayDeliveringByCod
2,updatePickedByCod,saveRealImportStation
2,printfPackage,ReturnBill
2,takeOutPackages2Bag,distributorCfmDeliver
1,verifySessionPackage,exportBigSizePackages
1,ScanPackageToBag,distributorCfmReturning
1,changeTransferStationByChangeCart,printfPackage
1,updatePickWorkShiftPackage,smartScaleScanningPackage
1,changeCustomerFirstAddress,changeCart
1,customerCommitmentLetter,assignCodPicking
1,changeTrfSorting,NVBCConfirmImageWorkshift
1,TakeAPhotoDeliveringTiktokPackage,TakeAPhotoDeliveringTiktokPackage
1,RefundBill,scanBox
1,printfPackage,checkPackageBBS
1,updateDelayReturningByCod,printfPackage
1,smartScaleScanningPackage,takeReturningPackages
1,printfPackage,confirmTmpDelayReturningPackageStatus
1,approvedDeliveryDate,verifySessionBags
1,printfPackage,updateDeliverCod
1,confirmTmpDelayReturningPackageStatus,confirmTmpDelayReturningPackageStatus
1,updateDeliverWorkShiftPackage,cfmTransit
1,verifySessionPackage,TakeAPhotoSignatureTiktokPackage
1,updateDeliverWorkshiftByCod,checkPackageSealScanned
1,ReturnBill,printfPackage
1,RefundBill,updateDeliveredCompletelyByCod
1,assignCodPicking,saveSealForSpecialPackage
1,TakeAPhotoSignatureTiktokPackage,DteamTakeAPhotoDeliver
1,reassignDeliverCart,cfmTransit
1,updatePickedByCod,verifySessionBags
1,distributorCfmDeliver,distributorCfmReturning
1,changePackageStatus,changeCurStationBagSurplus
1,updateDeliverWorkshiftByCod,verifySessionPackage
1,exportBigSizePackages,distributorCfmDeliver
1,verifySessionPackage,TakeAPhotoReturn
1,TakeAPhotoReturn,distributorCfmReturning
1,autoReassignDateDeliver,ArrivePickingPoint
1,ArrivePickingPoint,confirmTmpPickedPackageStatus
1,updateDelayReturningByCod,confirmTmpReturnedPackageStatus
1,changeDelieverCartId,changeAlias
1,ScanPackageToBag,printfPackage
1,distributorCfmDeliver,changePackageStatus
1,cfmImpPkgFrPONew,confirmTmpReturnedPackageStatus
1,csCancelPackage,RefundBill
1,feedbackCancelPackage,csCancelPackage
1,editPackage,changeCart
1,cdbsod,feedbackCancelPackage
1,feedbackReDelivery,printfPackage
1,delayDeliverPackageReason,NVBCConfirmImageWorkshift
1,verifySessionBags,updateDelayDeliveringByCod
1,privateNotePackage,changeDelieverCartId
1,updateDelayDeliveringByCod,cfmTransit
1,ScanPackageToBag,ScanPackageToBag
1,updateStationReturnCart,changeTrfSorting
1,changePackageStatus,cdbsod
1,PickupBill,TakeAPhotoPicked
1,privateNotePackage,checkPackageSealScanned
1,distributorCfmDeliver,confirmChangeAddress
1,printfPackage,updateDeliveredCompletelyByCod
1,smartScaleScanningPackage,ChangePackageSize
1,confirmPackageHandover,changePackageStatus
1,confirmTmpDelayReturningPackageStatus,distributorCfmReturning
1,privateNotePackage,changeTrfSorting
1,editPackage,TakeAPhotoReturnRequest
1,changeCart,updatePickAddressCart
1,assignCodPicking,Refund_payment_qrBill
1,RefundBill,confirmPackageHandover
1,approvedPackage,changeCart
1,printfPackage,saveSealForSpecialPackage
1,editPackage,updateDeliverAddressCart
1,verifySessionPackage,changeCurStation
1,privateNotePackage,updateStationReturnCart
1,PickupCrossProvinceBill,saveRealImportStation
1,editPackage,distributorCfmReturning
1,putInBox,changeComingReturnCodAction
1,privateNotePackage,BlurredBarcode
1,ScanPackageToBag,changeComingReturnCodAction
1,changeAlias,updateDeliverAddressCart
1,confirmTmpDeliveredPackageStatus,confirmTmpReturnedPackageStatus
1,verifySessionPackage,NVBCConfirmImageWorkshift
1,TakeAPhotoCheckBagDestStation,changeCurStationBagSurplus
1,updateDelayDeliveringByCod,ChangeDeliverCodByConfirmDeliveringByOperator
1,updateDeliverWorkshiftByCod,printfPackage
1,reassignDeliverCart,distributorCfmDeliver
1,verifySessionPackage,putInBox
1,updateDeliverWorkshiftByCod,updatePickWorkShiftPackage
1,updateTmpPickingStatus,updateNotPickedByCod
1,updateDeliverWorkshiftByCod,changePackageStatus
1,Refund_paymentBill,confirmTmpDeliveredPackageStatus
1,updateDelayDeliveringByCod,ReturnBill
1,NVBCTakeAPhotoDelivery,RefundBill
1,changeTrfSorting,importStationByDistributer
1,updateDelayDeliveringByCod,distributorCfmReturning
1,smartScaleScanningPackage,changePackageStatus
1,verifySessionBags,changeCustomerFirstAddress
1,assignCodPicking,updateDeliverWorkShiftPackage
1,approvedPackage,PkBusCheckinPackage
1,changeTransferStationByChangeCart,changePackageStatus
1,printfPackage,ScanPackageToBag
1,confirmTmpDeliveredPackageStatus,updateDeliverWorkshiftByCod
1,saveIsfrageImages,updateDeliverWorkShiftPackage
1,updatePickShiftPackageSentAtPO,PickupBill
1,delayPickPackageReason,updatePickShiftPackageSentAtPO
1,TransferToBothBill,NVBCTakeAPhotoDelivery
1,changeAlias,printfPackage
1,saveIsfrageImages,putInBox
1,saveSealForSpecialPackage,putPackages2Bag
1,cfmDonePrepaymnet,updateReinforcedPackages
1,changeTrfSorting,smartScaleScanningPackage
1,updateDelayPickingByCod,takeReturningPackages
1,updatePickWorkShiftPackage,PickupBill
1,cfmImpPkgFrPONew,takeReturningPackages
1,verifySessionPackage,BlurredBarcode
1,RefundBill,updateDeliverCod
1,approvedPackage,updatePickAddressCart
1,updateDeliverWorkShiftPackage,confirmTmpDeliveredPackageStatus
1,changeCart,updateDeliverAddressCart
1,putPackages2Bag,confirmTmpReturnedPackageStatus
1,updateDeliverWorkshiftByCod,checkPackageBBS
1,editPackage,ChangeDeliverCodByConfirmDeliveringByOperator
1,Prepayment_qrBill,printfPackage
1,distributorCfmDeliver,reassignDeliverCart
1,updateTmpReturningStatus,updateReturnedByCod
1,assignCodPicking,delayReturnPackageReason
1,updateTfrSortingByVerifySessionBags,printfPackage
1,changeCurStationBagSurplus,updateTfrSortingByVerifySessionBags
1,verifySessionPackage,DteamTakeAPhotoDeliver
1,updatePickWorkShiftPackage,verifySessionPackage
1,changeCart,verifySessionPackage
1,verifySessionPackage,changeCart
1,updateTmpDeliveringStatus,CODUpdatePickMoney
1,assignCodPicking,TakeAPhotoPicked
1,CODUpdatePickMoney,confirmTmpDeliveredPackageStatus
1,putPackages2TmpBag,confirmTmpPickedPackageStatus
1,assignCodPicking,updateDelayDeliveringByCod
1,confirmIssueHandovers,updateDeliverWorkshiftByCod
1,updatePickWorkShiftPackage,cfmImpPkgFrPONew
1,confirmTmpDeliveredPackageStatus,updateReturnedByCod
1,scanPackageCreateBagB2C,unScanPackageCreateBagB2C
1,assignCodPicking,updateReinforcedPackages
1,putPackages2Bag,ReturnBill
1,updateDeliverAddressCart,changeTransferStationByChangeCart
1,updateNotDeliveredByCod,updateReturnedByCod
1,unScanPackageCreateBagB2C,scanPackageCreateBagB2C
1,updatePickedByCod,putPackages2TmpBag
1,PrepaymentBill,verifySessionPackage
1,changeAlias,changeTransferStation
1,putPackages2TmpBag,PickupCrossProvinceBill
1,updateNotDeliveredByCod,cfmTransit
1,confirmTmpDelayReturningPackageStatus,TakeAPhotoReturnRequest
1,updateDeliverWorkshiftByCod,TransferToBothBill
1,updateDeliverCod,cfmTransit
1,feedbackReDelivery,privateNotePackage
1,distributorCfmDeliver,saveIsfrageImages
1,changeCustomerFirstAddress,changeAlias
1,updateDelayDeliveringByCod,ImportPkgCheckIn
1,changePackageStatus,PickupCrossProvinceBill
1,changeDelieverCartId,changePackageStatus
1,updateDelayDeliveringByCod,saveIsfrageImages
1,changeAlias,updatePickAddressCart
1,changeCustomerFirstAddress,printfPackage
1,assignBagWithIdentifyBag,updateDeliverWorkShiftPackage
1,ScanPackageToBag,takeReturningPackages
1,takeOutPackages2Bag,changeTrfSorting
1,approvedPackage,updateDelayPickingByCod
1,updateDelayDeliveringByCod,updateDeliverWorkShiftPackage
1,confirmTmpDeliveredPackageStatus,Refund_paymentBill
1,privateNotePackage,changeCustomerLastAddress
1,approvedPackage,cfmTransit
1,printfPackage,PrepaymentBill
1,verifySessionBags,checkPackageSealScanned
1,privateNotePackage,changeTransferStation
1,changePackageStatus,Prepayment_qrBill
1,updateDelayPickingByCod,updatePickWorkShiftPackage
1,confirmTmpDelayReturningPackageStatus,saveIsfrageImages
1,verifySessionPackage,ArriveDeliveringPoint
1,editPackage,updatePickAddressCart
1,updateTmpDeliveringStatus,TakeAPhotoDeliveringTiktokPackage
1,ArriveDeliveringPoint,TakeAPhotoDeliveringTiktokPackage
1,privateNotePackage,takeReturningPackages
1,changeTrfSorting,printfPackage
1,ChangeDeliverCodByConfirmDeliveringByOperator,confirmTmpDeliveredPackageStatus
1,smartScaleScanningPackage,updateDelayPickingByCod
1,ChangeDeliverCodByConfirmDeliveringByOperator,distributorCfmDeliver
1,changePackageStatus,cfmImpPkgFrPONew
1,verifySessionPackage,updateDeliverCod
1,putInBox,putOutBox
1,RefundBill,feedbackCancelPackage
1,putOutBox,verifySessionPackage
1,ArriveDeliveringPoint,feedbackCancelPackage
1,changeCustomerFirstAddress,updateDeliverAddressCart
1,feedbackCancelPackage,cdbsod
1,putInBox,editPackage
1,saveIsfrageImages,NVBCConfirmImageWorkshift
1,checkPackageSealScanned,checkPackageSealScanned
1,RefundBill,checkPackageSealScanned
1,RefundBill,changeTrfSorting
1,printfPackage,updateDeliverWorkshiftByCod
1,editPackage,importStationByDistributer
1,updateDeliverWorkshiftByCod,NVBCTakeAPhotoDelivery
1,confirmTmpDeliveredPackageStatus,saveIsfrageImages
1,privateNotePackage,NVBCConfirmImageWorkshift
1,assignCodPicking,changeTrfSorting
1,changeAlias,changeDelieverCartId
1,changeTransferStation,changeAlias
1,updateTmpPickingStatus,updatePickShiftPackageSentAtPO
1,importStationByDistributer,printfPackage
1,distributorCfmDeliver,printPackageBBS
1,privateNotePackage,checkPackageBBS
1,verifySessionPackage,NVBC_CONFIRM_XTEAM_REPORT_CUSTOMER
1,changePackageStatus,updatePickWorkShiftPackage
1,cdbsod,changePackageStatus
1,requestHandOverPackages,smartScaleScanningPackage
1,changePackageStatus,csCancelPackage
1,csCancelPackage,confirmTmpDeliveredPackageStatus
1,printfPackage,changePackageStatus
1,PickupCrossProvinceBill,changePickedCod
1,putPackages2Bag,PickupBill
1,assignBagWithIdentifyBag,verifySessionPackage
1,PickupBill,requestHandOverPackages
1,NVBC_CONFIRM_XTEAM_REPORT_CUSTOMER,ScanPackageToBag
1,cfmImpPkgFrPONew,scanBox
1,smartScaleScanningPackage,distributorCfmDeliver
1,changeCustomerFirstAddress,distributorCfmDeliver
1,takeOutPackages2Bag,scanBox
1,updateNotDeliveredByCod,printfPackage
1,NVBCConfirmImageWorkshift,updateDeliveredCompletelyByCod
1,updateDelayPickingByCod,updateReinforcedPackages
1,changeTrfSorting,cfmTransit
1,updateDelayDeliveringByCod,updateDeliverWorkshiftByCod
1,smartScaleScanningPackage,changeComingReturnCodAction
1,updatePickedByCod,distributorCfmDeliver
1,updatePickAddressCart,changePackageStatus
1,assignCodPicking,updateTfrSortingByVerifySessionBags
1,printfPackage,editPackage
1,changeCurStation,printfPackage
1,approvedPackage,ScanPackageToBag
1,PickupBill,updateReinforcedPackages
1,saveIsfrageImages,printfPackage
1,confirmImportBox,distributorCfmDeliver
1,editPackage,confirmTmpReturnedPackageStatus
1,changeTrfSorting,changeTrfSorting
1,updateDelayPickingByCod,editPackage
1,smartScaleScanningPackage,printfPackage
1,distributorCfmDeliver,takeReturningPackages
1,updateTmpDeliveringStatus,NVBCConfirmImageWorkshift
1,updatePickedByCod,updateDeliverWorkshiftByCod
1,verifySessionBags,verifySessionPackage
1,delayReturnPackageReason,privateNotePackage
1,takeReturningPackages,updateTmpReturningStatus
1,updateTfrSortingByVerifySessionBags,verifySessionBags
1,changeCurStationBagSurplus,smartScaleScanningPackage
1,scanBox,confirmImportBox
1,putPackages2Bag,PickupCrossProvinceBill
1,saveRealImportStation,confirmTmpPickedPackageStatus
1,openPutToBag,RefundBill
1,updateDelayDeliveringByCod,openPutToBag
1,printfPackage,updateReturnCart
1,changeTrfSorting,updateStationReturnCart
1,ScanPackageToBag,putPackages2Bag
1,saveRealImportStation,updatePickedByCod
1,assignCodPicking,updateDeliverWorkshiftByCod
1,confirmImportBox,importDestinationBox
1,putPackages2Bag,updateReturnedByCod
1,updatePickShiftPackageSentAtPO,confirmTmpPickedPackageStatus
1,notPickedPackageReason,confirmTmpPickedPackageStatus
1,PkBusCheckinPackage,verifySessionPackage
1,changePackageStatus,updateReinforcedPackages
1,PickupCrossProvinceBill,editPackage
1,delayReturnPackageReason,printfPackage
1,confirmTmpPickedPackageStatus,feedbackCancelPackage
1,updateDelayDeliveringByCod,confirmTmpReturnedPackageStatus
1,ReturnBill,editPackage
1,PkBusCheckinPackage,PkBusCheckinPackage
1,changeAlias,changeCustomerFirstAddress
1,changeTransferStation,approvedPackage
1,ArrivePickingPoint,printfPackage
1,printfPackage,Prepayment_qrBill
1,putPackages2TmpBag,scanPackageCreateBagB2C
1,RefundBill,confirmTmpReturnedPackageStatus
1,RefundBill,NVBCTakeAPhotoDelivery
1,PickupCrossProvinceBill,updateDelayReturningByCod
1,PickupCrossProvinceBill,saveSealForSpecialPackage
1,ChangeDeliverCodByConfirmDeliveringByOperator,updateNotDeliveredByCod
1,putInBox,printfPackage
1,ReturnBill,ReturnBill
1,assignCodPicking,changeComingReturnCod
1,putInBox,privateNotePackage
1,ChangePackageSize,smartScaleScanningPackage
1,checkPackageSealScanned,distributorCfmDeliver
1,putPackages2Bag,ScanPackageToBag
1,changeTransferStationByChangeCart,cfmTransit
1,verifySessionBags,changeTransferStation
1,confirmTmpPickedPackageStatus,saveIsfrageImages
1,putInBox,updateDelayDeliveringByCod
1,cfmTransit,ReturnBill
1,assignBagWithIdentifyBag,privateNotePackage
1,updateDelayDeliveringByCod,changeComingReturnCod
1,updateDeliverWorkshiftByCod,editPackage
1,saveIsfrageImages,updateDeliverWorkshiftByCod
1,TransferToBothBill,updateDeliverWorkShiftPackage
1,reassignDeliverCart,printfPackage
1,verifySessionBags,editPackage
1,changeDelieverCartId,privateNotePackage
1,distributorCfmDeliver,verifySessionPackage
1,ScanPackageToBag,changeComingReturnCod
1,assignBagWithIdentifyBag,updateReturnedByCod
1,changeCustomerFirstAddress,changeTransferStationByChangeCart
1,assignBagWithIdentifyBag,verifySessionBags
1,distributorCfmDeliver,changeCurStation
1,privateNotePackage,saveSealForSpecialPackage
